<?xml version="1.0" encoding="UTF-8"?>
<objects serializationModel="Studio.01.10.00">
    <object class="Event" id="{6be5d07d-441a-4967-b1e8-19fe77c434bb}">
        <property name="name">
            <value>Ambulance</value>
        </property>
        <property name="outputFormat">
            <value>1</value>
        </property>
        <relationship name="folder">
            <destination>{d038273e-bdf3-4a4b-a739-d032ed6a5ffb}</destination>
        </relationship>
        <relationship name="mixer">
            <destination>{2d48b836-6b30-4d9d-8cbe-f920ddbcd051}</destination>
        </relationship>
        <relationship name="masterTrack">
            <destination>{50a0ed3c-feb5-4855-a424-0a1e69034b7b}</destination>
        </relationship>
        <relationship name="mixerInput">
            <destination>{07acad2f-1221-43a6-8d31-68767b622e31}</destination>
        </relationship>
        <relationship name="automatableProperties">
            <destination>{9811637d-a0b1-48e1-b227-de9608f922bb}</destination>
        </relationship>
        <relationship name="markerTracks">
            <destination>{1b04ff68-fdcc-4a0b-ada9-7fbd9d87565e}</destination>
        </relationship>
        <relationship name="groupTracks">
            <destination>{d3156ae0-0ece-42cd-aeee-b062250c1dcb}</destination>
        </relationship>
        <relationship name="timeline">
            <destination>{f24cac9f-ffee-4430-9e1a-7c6a60c2aba5}</destination>
        </relationship>
        <relationship name="parameters">
            <destination>{f724723a-e13c-4a49-bdf1-069d46bd506c}</destination>
        </relationship>
        <relationship name="banks">
            <destination>{401dc906-17ae-4a83-b837-8a313f215153}</destination>
        </relationship>
    </object>
    <object class="EventMixer" id="{2d48b836-6b30-4d9d-8cbe-f920ddbcd051}">
        <relationship name="masterBus">
            <destination>{b178b3d7-8950-4e0a-a9f3-62850a98c107}</destination>
        </relationship>
    </object>
    <object class="MasterTrack" id="{50a0ed3c-feb5-4855-a424-0a1e69034b7b}">
        <relationship name="mixerGroup">
            <destination>{b178b3d7-8950-4e0a-a9f3-62850a98c107}</destination>
        </relationship>
    </object>
    <object class="MixerInput" id="{07acad2f-1221-43a6-8d31-68767b622e31}">
        <relationship name="effectChain">
            <destination>{1e0b95ff-99bd-4e89-946a-4bd2eade0195}</destination>
        </relationship>
        <relationship name="panner">
            <destination>{2807ba53-dfe2-452e-93b4-5a5a76ecb277}</destination>
        </relationship>
        <relationship name="output">
            <destination>{be54bbae-0fdc-485d-aa17-bc59f0319c49}</destination>
        </relationship>
    </object>
    <object class="EventAutomatableProperties" id="{9811637d-a0b1-48e1-b227-de9608f922bb}"/>
    <object class="MarkerTrack" id="{1b04ff68-fdcc-4a0b-ada9-7fbd9d87565e}"/>
    <object class="GroupTrack" id="{d3156ae0-0ece-42cd-aeee-b062250c1dcb}">
        <relationship name="automationTracks">
            <destination>{d84b928f-8aa9-4f4f-8f49-2ddc0898a9ac}</destination>
            <destination>{eb82f482-a59e-4255-a432-9521a2cbbf5a}</destination>
            <destination>{9c4912d5-84e3-41bb-b62b-20e2aa4f1211}</destination>
            <destination>{1165a5b5-5b47-4128-abaa-c82c014432f1}</destination>
            <destination>{e148e8f6-ff5f-4c28-bc17-c3aff129be60}</destination>
        </relationship>
        <relationship name="modules">
            <destination>{e2e51304-287a-4bbb-a874-b0a396fd1eed}</destination>
        </relationship>
        <relationship name="mixerGroup">
            <destination>{c68b78a8-4890-4030-a0fe-b45fcabd24d7}</destination>
        </relationship>
    </object>
    <object class="Timeline" id="{f24cac9f-ffee-4430-9e1a-7c6a60c2aba5}">
        <relationship name="modules">
            <destination>{e2e51304-287a-4bbb-a874-b0a396fd1eed}</destination>
        </relationship>
        <relationship name="markers">
            <destination>{84624ff2-1c45-4cdf-a51c-08632df9582c}</destination>
        </relationship>
    </object>
    <object class="ParameterProxy" id="{f724723a-e13c-4a49-bdf1-069d46bd506c}">
        <relationship name="preset">
            <destination>{848e728b-cf22-47c8-aef6-7c4e91ab8b12}</destination>
        </relationship>
    </object>
    <object class="EventMixerMaster" id="{b178b3d7-8950-4e0a-a9f3-62850a98c107}">
        <relationship name="effectChain">
            <destination>{f4865922-77bd-4f2b-8436-b49408059844}</destination>
        </relationship>
        <relationship name="panner">
            <destination>{10810b17-4016-422b-8f9e-04cd63b2ba83}</destination>
        </relationship>
        <relationship name="mixer">
            <destination>{2d48b836-6b30-4d9d-8cbe-f920ddbcd051}</destination>
        </relationship>
    </object>
    <object class="MixerBusEffectChain" id="{1e0b95ff-99bd-4e89-946a-4bd2eade0195}">
        <relationship name="effects">
            <destination>{acb2c026-e2f6-4ba7-afd9-451cf14a6ceb}</destination>
        </relationship>
    </object>
    <object class="MixerBusPanner" id="{2807ba53-dfe2-452e-93b4-5a5a76ecb277}"/>
    <object class="AutomationTrack" id="{d84b928f-8aa9-4f4f-8f49-2ddc0898a9ac}">
        <relationship name="automator">
            <destination>{a059cebe-31a4-48aa-bc66-132050dca821}</destination>
        </relationship>
    </object>
    <object class="AutomationTrack" id="{eb82f482-a59e-4255-a432-9521a2cbbf5a}">
        <relationship name="automator">
            <destination>{b03c9f99-0f77-476c-82bc-65447c51d193}</destination>
        </relationship>
    </object>
    <object class="AutomationTrack" id="{9c4912d5-84e3-41bb-b62b-20e2aa4f1211}">
        <relationship name="automator">
            <destination>{11bced84-6519-481b-a3da-02597b40d8ce}</destination>
        </relationship>
    </object>
    <object class="AutomationTrack" id="{1165a5b5-5b47-4128-abaa-c82c014432f1}">
        <relationship name="automator">
            <destination>{0933a439-41a0-4349-9c63-13ad1c58210c}</destination>
        </relationship>
    </object>
    <object class="AutomationTrack" id="{e148e8f6-ff5f-4c28-bc17-c3aff129be60}">
        <relationship name="automator">
            <destination>{5900ed01-e735-4309-aa6c-789500e9529f}</destination>
        </relationship>
    </object>
    <object class="SingleSound" id="{e2e51304-287a-4bbb-a874-b0a396fd1eed}">
        <property name="isAsync">
            <value>true</value>
        </property>
        <property name="length">
            <value>0.33791666666666664</value>
        </property>
        <property name="looping">
            <value>true</value>
        </property>
        <relationship name="automators">
            <destination>{a059cebe-31a4-48aa-bc66-132050dca821}</destination>
        </relationship>
        <relationship name="audioFile">
            <destination>{4eae50cd-0e61-4500-b49c-dda77c7788d9}</destination>
        </relationship>
    </object>
    <object class="EventMixerGroup" id="{c68b78a8-4890-4030-a0fe-b45fcabd24d7}">
        <property name="name">
            <value>Audio 1</value>
        </property>
        <relationship name="effectChain">
            <destination>{6260f763-6dc5-41ae-a01e-a066e719b5e6}</destination>
        </relationship>
        <relationship name="panner">
            <destination>{e154918a-6eb4-46ff-b63d-234fd240578d}</destination>
        </relationship>
        <relationship name="output">
            <destination>{b178b3d7-8950-4e0a-a9f3-62850a98c107}</destination>
        </relationship>
    </object>
    <object class="SustainPoint" id="{84624ff2-1c45-4cdf-a51c-08632df9582c}">
        <property name="position">
            <value>0.089999999999999997</value>
        </property>
        <relationship name="timeline">
            <destination>{f24cac9f-ffee-4430-9e1a-7c6a60c2aba5}</destination>
        </relationship>
        <relationship name="markerTrack">
            <destination>{1b04ff68-fdcc-4a0b-ada9-7fbd9d87565e}</destination>
        </relationship>
    </object>
    <object class="MixerBusEffectChain" id="{f4865922-77bd-4f2b-8436-b49408059844}">
        <relationship name="effects">
            <destination>{e636ed39-7d94-4b96-b0d8-c9a92c28743b}</destination>
        </relationship>
    </object>
    <object class="MixerBusPanner" id="{10810b17-4016-422b-8f9e-04cd63b2ba83}"/>
    <object class="MixerBusFader" id="{acb2c026-e2f6-4ba7-afd9-451cf14a6ceb}"/>
    <object class="Automator" id="{a059cebe-31a4-48aa-bc66-132050dca821}">
        <property name="nameOfPropertyBeingAutomated">
            <value>volume</value>
        </property>
        <relationship name="automationCurves">
            <destination>{8759fcc6-2626-4b1c-ada2-3110f04d720e}</destination>
        </relationship>
    </object>
    <object class="MixerBusEffectChain" id="{6260f763-6dc5-41ae-a01e-a066e719b5e6}">
        <relationship name="effects">
            <destination>{5e9d239f-c7ca-4e34-8cad-cb4b3cc7f095}</destination>
            <destination>{c9faf38d-0973-4002-886b-18f2359a1787}</destination>
            <destination>{48454aa6-4f59-4d3d-a0c7-df7d9772691c}</destination>
            <destination>{92bd4599-8168-4d82-a913-e029f4b2b0f1}</destination>
        </relationship>
    </object>
    <object class="MixerBusPanner" id="{e154918a-6eb4-46ff-b63d-234fd240578d}">
        <relationship name="automators">
            <destination>{5900ed01-e735-4309-aa6c-789500e9529f}</destination>
        </relationship>
    </object>
    <object class="MixerBusFader" id="{e636ed39-7d94-4b96-b0d8-c9a92c28743b}"/>
    <object class="AutomationCurve" id="{8759fcc6-2626-4b1c-ada2-3110f04d720e}">
        <relationship name="parameter">
            <destination>{848e728b-cf22-47c8-aef6-7c4e91ab8b12}</destination>
        </relationship>
        <relationship name="automationPoints">
            <destination>{fe4ff5af-905e-4789-89f0-522023361077}</destination>
            <destination>{e8da3148-203c-40e5-b17b-1c07e3da00e5}</destination>
            <destination>{5b7542fa-49ff-4023-9557-2a9122bf115a}</destination>
            <destination>{6b64074d-8e71-4b2a-8515-37a5b8d1a38a}</destination>
            <destination>{5fbbc96c-a30c-4e4d-887d-841653ccf20b}</destination>
        </relationship>
    </object>
    <object class="MixerBusFader" id="{5e9d239f-c7ca-4e34-8cad-cb4b3cc7f095}"/>
    <object class="PitchShifterEffect" id="{c9faf38d-0973-4002-886b-18f2359a1787}">
        <property name="pitch">
            <value>1</value>
        </property>
        <relationship name="automators">
            <destination>{0933a439-41a0-4349-9c63-13ad1c58210c}</destination>
        </relationship>
    </object>
    <object class="MultibandEqEffect" id="{48454aa6-4f59-4d3d-a0c7-df7d9772691c}">
        <property name="filterTypeA">
            <value>0</value>
        </property>
        <property name="filterTypeE">
            <value>8</value>
        </property>
        <property name="frequencyE">
            <value>2888.94482</value>
        </property>
        <property name="gainE">
            <value>-17.8439865</value>
        </property>
        <relationship name="automators">
            <destination>{11bced84-6519-481b-a3da-02597b40d8ce}</destination>
        </relationship>
    </object>
    <object class="DistortionEffect" id="{92bd4599-8168-4d82-a913-e029f4b2b0f1}">
        <relationship name="automators">
            <destination>{b03c9f99-0f77-476c-82bc-65447c51d193}</destination>
        </relationship>
    </object>
    <object class="Automator" id="{5900ed01-e735-4309-aa6c-789500e9529f}">
        <property name="nameOfPropertyBeingAutomated">
            <value>stereoPan</value>
        </property>
        <relationship name="automationCurves">
            <destination>{0a32273b-effd-4046-ad50-717685cb6034}</destination>
        </relationship>
    </object>
    <object class="AutomationPoint" id="{fe4ff5af-905e-4789-89f0-522023361077}">
        <property name="position">
            <value>-10</value>
        </property>
        <property name="value">
            <value>-42</value>
        </property>
        <property name="curveShape">
            <value>-0.41580376</value>
        </property>
    </object>
    <object class="AutomationPoint" id="{e8da3148-203c-40e5-b17b-1c07e3da00e5}">
        <property name="position">
            <value>-2.0085020478805511</value>
        </property>
        <property name="value">
            <value>-1.5</value>
        </property>
        <property name="curveShape">
            <value>0.342141688</value>
        </property>
    </object>
    <object class="AutomationPoint" id="{5b7542fa-49ff-4023-9557-2a9122bf115a}">
        <property name="position">
            <value>1.9911991199119896</value>
        </property>
        <property name="value">
            <value>-1.5</value>
        </property>
        <property name="curveShape">
            <value>0.358918816</value>
        </property>
    </object>
    <object class="AutomationPoint" id="{6b64074d-8e71-4b2a-8515-37a5b8d1a38a}">
        <property name="position">
            <value>10</value>
        </property>
        <property name="value">
            <value>-42</value>
        </property>
    </object>
    <object class="AutomationPoint" id="{5fbbc96c-a30c-4e4d-887d-841653ccf20b}">
        <property name="position">
            <value>0.043478201399667071</value>
        </property>
        <property name="value">
            <value>1.5</value>
        </property>
    </object>
    <object class="Automator" id="{0933a439-41a0-4349-9c63-13ad1c58210c}">
        <property name="nameOfPropertyBeingAutomated">
            <value>pitch</value>
        </property>
        <relationship name="automationCurves">
            <destination>{1738107e-93aa-4e77-9461-3a31d8428f22}</destination>
        </relationship>
    </object>
    <object class="Automator" id="{11bced84-6519-481b-a3da-02597b40d8ce}">
        <property name="nameOfPropertyBeingAutomated">
            <value>gainE</value>
        </property>
        <relationship name="automationCurves">
            <destination>{2b7bc6b3-cd86-4de0-9acf-c255fc0d5b75}</destination>
        </relationship>
    </object>
    <object class="Automator" id="{b03c9f99-0f77-476c-82bc-65447c51d193}">
        <property name="nameOfPropertyBeingAutomated">
            <value>level</value>
        </property>
        <relationship name="automationCurves">
            <destination>{0a631c53-3448-4094-97db-d6639e8772ce}</destination>
        </relationship>
    </object>
    <object class="AutomationCurve" id="{0a32273b-effd-4046-ad50-717685cb6034}">
        <relationship name="parameter">
            <destination>{848e728b-cf22-47c8-aef6-7c4e91ab8b12}</destination>
        </relationship>
        <relationship name="automationPoints">
            <destination>{fd4de571-8e80-4af8-bb60-d52fe477d2e8}</destination>
            <destination>{691edadb-8e73-49a2-9902-95fe5a5fb172}</destination>
            <destination>{05cad246-4dc6-4b0b-ae2a-dbfbe376c3a2}</destination>
            <destination>{09d121bf-a255-4f68-ab03-c97aa0ac278c}</destination>
            <destination>{7455c458-577f-4174-9ade-5b67e7d29078}</destination>
        </relationship>
    </object>
    <object class="AutomationCurve" id="{1738107e-93aa-4e77-9461-3a31d8428f22}">
        <relationship name="parameter">
            <destination>{848e728b-cf22-47c8-aef6-7c4e91ab8b12}</destination>
        </relationship>
        <relationship name="automationPoints">
            <destination>{3ef69c2b-ebe7-4a6e-b3a8-6add0cec4652}</destination>
            <destination>{5af99018-d3fc-4ce8-b199-9b916616d6fd}</destination>
            <destination>{72202bc2-1cb8-4cb8-998e-b0c6e354544b}</destination>
        </relationship>
    </object>
    <object class="AutomationCurve" id="{2b7bc6b3-cd86-4de0-9acf-c255fc0d5b75}">
        <relationship name="parameter">
            <destination>{848e728b-cf22-47c8-aef6-7c4e91ab8b12}</destination>
        </relationship>
        <relationship name="automationPoints">
            <destination>{408cd381-9ba9-442d-9a59-a65ee836ece7}</destination>
            <destination>{a257cd6c-0f57-4a57-8fe2-9c806da19cce}</destination>
            <destination>{2da30a1b-ea01-422e-8bcd-f3c97a5055eb}</destination>
            <destination>{8dd9aa16-2313-4562-88d2-e9154a863229}</destination>
        </relationship>
    </object>
    <object class="AutomationCurve" id="{0a631c53-3448-4094-97db-d6639e8772ce}">
        <relationship name="parameter">
            <destination>{848e728b-cf22-47c8-aef6-7c4e91ab8b12}</destination>
        </relationship>
        <relationship name="automationPoints">
            <destination>{5ad54719-3fd9-4504-a314-d8b01f1a0b92}</destination>
            <destination>{901eea99-8dc0-430b-9272-e420fb203dab}</destination>
            <destination>{8eeef113-a839-4da3-bdfc-c97bf446f28a}</destination>
        </relationship>
    </object>
    <object class="AutomationPoint" id="{fd4de571-8e80-4af8-bb60-d52fe477d2e8}">
        <property name="position">
            <value>0.021739130434783149</value>
        </property>
        <property name="value">
            <value>0</value>
        </property>
    </object>
    <object class="AutomationPoint" id="{691edadb-8e73-49a2-9902-95fe5a5fb172}">
        <property name="position">
            <value>-10</value>
        </property>
        <property name="value">
            <value>-100</value>
        </property>
        <property name="curveShape">
            <value>-0.284917355</value>
        </property>
    </object>
    <object class="AutomationPoint" id="{05cad246-4dc6-4b0b-ae2a-dbfbe376c3a2}">
        <property name="position">
            <value>2</value>
        </property>
        <property name="value">
            <value>0</value>
        </property>
        <property name="curveShape">
            <value>0.341473788</value>
        </property>
    </object>
    <object class="AutomationPoint" id="{09d121bf-a255-4f68-ab03-c97aa0ac278c}">
        <property name="position">
            <value>-2</value>
        </property>
        <property name="value">
            <value>0</value>
        </property>
    </object>
    <object class="AutomationPoint" id="{7455c458-577f-4174-9ade-5b67e7d29078}">
        <property name="position">
            <value>10</value>
        </property>
        <property name="value">
            <value>100</value>
        </property>
    </object>
    <object class="AutomationPoint" id="{3ef69c2b-ebe7-4a6e-b3a8-6add0cec4652}">
        <property name="position">
            <value>0.021739130434783149</value>
        </property>
        <property name="value">
            <value>1</value>
        </property>
    </object>
    <object class="AutomationPoint" id="{5af99018-d3fc-4ce8-b199-9b916616d6fd}">
        <property name="position">
            <value>-10</value>
        </property>
        <property name="value">
            <value>0.820000052</value>
        </property>
    </object>
    <object class="AutomationPoint" id="{72202bc2-1cb8-4cb8-998e-b0c6e354544b}">
        <property name="position">
            <value>10</value>
        </property>
        <property name="value">
            <value>0.800000072</value>
        </property>
    </object>
    <object class="AutomationPoint" id="{408cd381-9ba9-442d-9a59-a65ee836ece7}">
        <property name="position">
            <value>-10</value>
        </property>
        <property name="value">
            <value>-16.8792496</value>
        </property>
        <property name="curveShape">
            <value>0.427023023</value>
        </property>
    </object>
    <object class="AutomationPoint" id="{a257cd6c-0f57-4a57-8fe2-9c806da19cce}">
        <property name="position">
            <value>-2.0326086956521738</value>
        </property>
        <property name="value">
            <value>2.12074757</value>
        </property>
    </object>
    <object class="AutomationPoint" id="{2da30a1b-ea01-422e-8bcd-f3c97a5055eb}">
        <property name="position">
            <value>2.013201320132012</value>
        </property>
        <property name="value">
            <value>2.12074757</value>
        </property>
        <property name="curveShape">
            <value>-0.421834201</value>
        </property>
    </object>
    <object class="AutomationPoint" id="{8dd9aa16-2313-4562-88d2-e9154a863229}">
        <property name="position">
            <value>10</value>
        </property>
        <property name="value">
            <value>-16.8792496</value>
        </property>
    </object>
    <object class="AutomationPoint" id="{5ad54719-3fd9-4504-a314-d8b01f1a0b92}">
        <property name="position">
            <value>-2.6739130434782608</value>
        </property>
        <property name="value">
            <value>0</value>
        </property>
        <property name="curveShape">
            <value>1</value>
        </property>
    </object>
    <object class="AutomationPoint" id="{901eea99-8dc0-430b-9272-e420fb203dab}">
        <property name="position">
            <value>0</value>
        </property>
        <property name="value">
            <value>0.359999985</value>
        </property>
        <property name="curveShape">
            <value>-1</value>
        </property>
    </object>
    <object class="AutomationPoint" id="{8eeef113-a839-4da3-bdfc-c97bf446f28a}">
        <property name="position">
            <value>2.629262926292629</value>
        </property>
        <property name="value">
            <value>0</value>
        </property>
    </object>
</objects>
