<?xml version="1.0" encoding="UTF-8"?>
<objects serializationModel="Studio.01.10.00">
    <object class="EncodingSetting" id="{916f80a5-6a53-4c9a-8ce3-7b633d701732}">
        <property name="encodingFormat">
            <value>3</value>
        </property>
        <property name="quality">
            <value>37</value>
        </property>
        <relationship name="platform">
            <destination>{c3c7568f-ca9d-437e-b97f-41a64378a254}</destination>
        </relationship>
        <relationship name="encodable">
            <destination>{4eae50cd-0e61-4500-b49c-dda77c7788d9}</destination>
        </relationship>
    </object>
</objects>
