<?xml version="1.0" encoding="UTF-8"?>
<objects serializationModel="Studio.01.10.00">
    <object class="AudioFile" id="{4eae50cd-0e61-4500-b49c-dda77c7788d9}">
        <property name="assetPath">
            <value>PoliceSiren_AP1.1066.wav</value>
        </property>
        <property name="frequencyInKHz">
            <value>48</value>
        </property>
        <property name="channelCount">
            <value>2</value>
        </property>
        <property name="length">
            <value>0.33791666666666664</value>
        </property>
        <relationship name="masterAssetFolder">
            <destination>{cf4c918c-b900-4833-ba4a-000cbdf81a42}</destination>
        </relationship>
    </object>
</objects>
