<?xml version="1.0" encoding="UTF-8"?>
<objects serializationModel="Studio.01.10.00">
    <object class="MixerReturn" id="{facb1e5a-d2c1-463b-aefe-da8e758bb3e9}">
        <property name="overridingInputFormat">
            <value>2</value>
        </property>
        <property name="inputFormatOverridden">
            <value>true</value>
        </property>
        <property name="name">
            <value>Reverb</value>
        </property>
        <relationship name="effectChain">
            <destination>{5bef45be-8c1e-4346-92d0-0ac49992e2e4}</destination>
        </relationship>
        <relationship name="panner">
            <destination>{f7824ef5-5772-47be-bb40-5a42cd4d6653}</destination>
        </relationship>
        <relationship name="output">
            <destination>{be54bbae-0fdc-485d-aa17-bc59f0319c49}</destination>
        </relationship>
    </object>
    <object class="MixerBusEffectChain" id="{5bef45be-8c1e-4346-92d0-0ac49992e2e4}">
        <relationship name="effects">
            <destination>{88c989d4-81cc-486c-9419-c3c693aa8f5a}</destination>
            <destination>{5465e2f6-4482-435e-ada2-c5cbf0cee223}</destination>
        </relationship>
    </object>
    <object class="MixerBusPanner" id="{f7824ef5-5772-47be-bb40-5a42cd4d6653}"/>
    <object class="SFXReverbEffect" id="{88c989d4-81cc-486c-9419-c3c693aa8f5a}">
        <property name="wetLevel">
            <value>0</value>
        </property>
        <property name="dryLevel">
            <value>-80</value>
        </property>
    </object>
    <object class="MixerBusFader" id="{5465e2f6-4482-435e-ada2-c5cbf0cee223}"/>
</objects>
